<?xml version="1.0" encoding="UTF-8" standalone="yes"?>
<addon id="repository.cosme005" name="REPO-COSME.005" version="0.0.5" provider-name="luminart506">
    <extension point="xbmc.addon.repository" name="repository.cosme005">
        <dir>
            <info compressed="false">https://raw.githubusercontent.com/luminart506/repocosme005/master/zips/addons.xml</info>
            <checksum>https://raw.githubusercontent.com/luminart506/repocosme005/master/zips/addons.xml.md5</checksum>
            <datadir zip="true">https://raw.githubusercontent.com/luminart506/repocosme005/master/zips/</datadir>
        </dir>
    </extension>
    <extension point="xbmc.addon.metadata">
        <summary>REPO-COSME.005</summary>
        <description>INSTALAÇÃO VIA LINK</description>
        <disclaimer></disclaimer>
        <platform>all</platform>
        <assets>
            <icon>icon.png</icon>
            <fanart>fanart.jpg</fanart>
        </assets>
    </extension>
</addon>